"","GP66 LCMV40 M1","GP66 LCMV40 M2","GP66 LCMV40 M3","GP66 LCMV8 M1","GP66 LCMV8 M2","GP66 LCMV8 M3","GP66 LCMV8 M4","GP66 PBS M1","GP66 PBS M2","GP66 PBS M3"
"CACGDAGGPSAETLYF",0,0,0,7,0,0,0,0,0,0
"CACGDNQDTQYF",0,0,0,2,0,0,0,0,0,0
"CACGDPGRANERLFF",0,0,0,7,0,0,0,0,0,0
"CACSDAGTGEDTQYF",0,0,0,0,5,0,0,0,0,0
"CACSDRGGSPLYF",0,0,0,4,0,0,0,0,0,0
"CACSPTGGEDTQYF",0,0,0,27,0,0,0,0,0,0
"CACSPTGGQDTQYF",0,0,0,48,33,2,0,0,0,0
"CAGRPTGGEDTQYF",0,0,0,12,3,0,0,0,0,0
"CAGSSHNSGNTLYF",0,0,0,0,0,3,0,0,0,0
"CAGSTGGARDTQYF",0,0,0,2,0,0,0,0,0,0
"CARGDWGVQDTQYF",0,0,0,27,2,4,0,0,0,0
"CARSGLGDTQYF",0,0,0,0,2,0,0,0,0,0
"CARSSPGTGQDTQYF",0,0,0,2,0,0,0,0,0,0
"CASCFWTSAETLYF",0,0,0,0,3,0,0,0,0,0
"CASCYWGVQDTQYF",0,0,0,2,0,0,0,0,0,0
"CASGATSQNTLYF",1,0,0,0,0,0,0,0,0,2
"CASGDAGGARAEQFF",0,0,0,0,0,0,0,0,0,5
"CASGDAGGASQDTQYF",0,4,0,448,3,10,127,0,0,0
"CASGDAGGASYEQYF",0,0,0,0,0,0,0,0,0,3
"CASGDAGGLNQDTQYF",0,0,0,13,0,5,0,1,0,0
"CASGDAGGPSQNTLYF",0,0,187,0,17,0,0,0,0,0
"CASGDAGGRDQDTQYF",63,5,202,32,97,12,20,0,0,0
"CASGDAGGSYEQYF",50,0,0,5,4,2,0,1,7,8
"CASGDAGQGQDTQYF",0,0,0,0,331,0,0,0,0,0
"CASGDAGTGDAEQFF",0,0,2,38,0,14,0,1,0,0
"CASGDAGTGEDTQYF",0,1,0,0,0,0,3,0,4,0
"CASGDAGTGNERLFF",0,0,0,0,3,8,0,0,0,2
"CASGDAGTGQDTQYF",45,0,0,42,2,1016,0,0,0,0
"CASGDAGTGVDTQYF",114,0,0,0,0,7,0,0,0,0
"CASGDAGTGVETLYF",36,0,0,0,6,0,0,0,0,0
"CASGDEGGRYAEQFF",0,0,0,0,0,0,0,2,0,0
"CASGDEGGVNYAEQFF",0,0,7,0,56,0,0,0,0,0
"CASGDGLGVYEQYF",0,0,0,0,0,0,0,0,2,0
"CASGDGQNNQAPLF",0,0,0,0,0,0,0,0,0,1
"CASGDLGGPNQDTQYF",0,12,0,0,0,9,0,0,0,0
"CASGDLGVQDTQYF",0,0,5,13,0,0,0,2,4,6
"CASGDNQDTQYF",0,0,0,391,0,24,0,4,9,4
"CASGDPGGANERLFF",0,0,0,2,0,0,0,0,0,0
"CASGDPGGASQDTQYF",14,0,0,0,0,0,0,0,0,0
"CASGDPGLGGSYEQYF",0,0,0,0,0,0,0,1,0,0
"CASGDPGRANERLFF",0,0,0,846,12,0,0,0,0,0
"CASGDPGRAYERLFF",0,0,0,2,0,0,0,0,0,0
"CASGDPGRDNERLFF",0,0,0,4,0,0,0,0,0,0
"CASGDPGRSNERLFF",0,0,0,2,0,0,0,0,0,0
"CASGDPGRTNERLFF",0,0,0,0,0,21,0,0,0,0
"CASGDPNSGNTLYF",0,0,0,19,0,0,0,0,0,6
"CASGDRGSYEQYF",0,0,5,0,0,59,0,0,8,14
"CASGDSGTANERLFF",0,0,0,2,0,0,0,0,0,0
"CASGDSGTGVDTQYF",0,0,0,4,0,0,0,0,0,0
"CASGDWGGADQDTQYF",0,0,0,0,0,2,0,0,0,0
"CASGDWGGGETLYF",15,0,0,0,0,0,0,0,0,9
"CASGDWGGVAETLYF",0,0,0,0,0,0,0,3,0,0
"CASGDWGIQDTQYF",0,1,73,0,63,0,32,0,0,0
"CASGDWGVQNTLYF",0,0,0,0,0,0,0,0,0,3
"CASGDWVNQDTQYF",0,0,0,96,0,0,0,0,0,0
"CASGEAGTGQDTQYF",0,0,0,0,0,2,0,0,0,0
"CASGEGFNQDTQYF",0,0,0,0,0,0,0,0,0,8
"CASGELGTGQDTQYF",0,0,0,0,0,0,0,0,0,2
"CASGENQDTQYF",0,0,0,2,0,0,0,0,0,0
"CASGEPGRANERLFF",0,0,0,11,0,0,0,0,0,0
"CASGEQKNTLYF",0,0,0,0,0,2,0,0,0,2
"CASGETGGARDTQYF",0,0,0,0,0,0,0,1,0,0
"CASGETGGNTLYF",12,0,0,0,0,0,0,0,0,5
"CASGGDWGGYEQYF",0,0,0,0,0,0,0,2,2,8
"CASGVWGVQDTQYF",2,0,0,17,0,10,0,0,0,0
"CASGYWGVQDTQYF",0,0,0,15,0,0,0,0,0,0
"CASRDISNERLFF",236,0,5,0,0,0,0,0,3,4
"CASRDNNNQAPLF",45,0,0,3,2,0,0,2,11,0
"CASRDNNQDTQYF",0,0,0,0,0,0,0,0,4,0
"CASRDSNNQAPLF",1,0,0,0,4,2,0,0,0,2
"CASRDWGFNQDTQYF",0,0,107,0,0,53,0,0,0,0
"CASRDWGGASQNTLYF",0,0,0,0,2,0,0,0,0,0
"CASRDWGGDEQYF",0,0,0,0,0,0,0,0,0,2
"CASRDWGGQDTQYF",0,0,0,7,0,0,0,0,0,0
"CASRGSGNTLYF",9,0,0,0,0,0,0,1,0,2
"CASRRDWGAQDTQYF",0,0,0,8,0,0,0,0,0,0
"CASSDAANSDYTF",0,0,1,0,0,87,0,0,0,6
"CASSDADTGQLYF",0,0,0,2,0,0,0,13,0,0
"CASSDAGGAETLYF",48,17,0,25,17,27,0,0,0,0
"CASSDAGGASQDTQYF",0,0,0,310,4,0,0,0,0,0
"CASSDAGTANERLFF",0,0,0,0,393,0,0,0,0,3
"CASSDAGTGDERLFF",0,0,0,0,913,0,0,0,0,0
"CASSDAGTGEDTQYF",0,0,0,0,1168,666,0,0,0,0
"CASSDAGTGVDTQYF",0,0,0,0,2,0,0,0,0,0
"CASSDANNQAPLF",0,0,47,120,0,0,7,0,0,3
"CASSDANSGDTLYF",0,0,7,0,0,0,0,0,0,0
"CASSDFGTGRDTQYF",0,0,0,14,0,0,0,0,0,0
"CASSDGDNQDTQYF",85,0,0,0,0,0,0,0,0,0
"CASSDGGAETLYF",0,0,0,0,0,0,0,0,0,2
"CASSDGLGGSQNTLYF",0,0,8,0,0,0,0,17,0,0
"CASSDGTGGNQAPLF",0,0,0,0,0,887,0,0,0,0
"CASSDGTGGNTGQLYF",0,0,0,0,0,4,0,0,0,0
"CASSDKGPNERLFF",1,0,0,0,0,0,0,0,0,0
"CASSDLGGQDTQYF",5,0,0,0,0,0,0,2,5,3
"CASSDLQDTQYF",0,0,0,0,9,0,0,0,0,0
"CASSDPGQGSERLFF",0,0,0,13,0,0,0,0,0,54
"CASSDQGGNTEVFF",0,0,0,0,0,0,0,0,0,1
"CASSDRAGTNERLFF",0,0,0,484,0,0,2,0,0,0
"CASSDRGANERLFF",0,0,8,20,0,0,0,0,0,0
"CASSDRGPNERLFF",4717,19,94,0,0,2099,3,0,1,6
"CASSDRNSGNTLYF",96,26,0,327,2,0,12,2,3,2
"CASSDTFSNERLFF",0,0,0,0,2,0,0,0,0,0
"CASSDTNNNQAPLF",0,0,0,0,76,0,5,0,0,0
"CASSDTNSYNSPLYF",4,0,0,0,0,0,0,0,2,0
"CASSDVGTGQDTQYF",0,0,0,0,0,0,53,0,0,0
"CASSDWGEGQDTQYF",48,0,0,17,0,0,0,0,0,0
"CASSDWGGADTQYF",333,0,0,2,0,0,0,0,0,0
"CASSDWGVGQDTQYF",0,0,0,17,0,0,0,0,0,0
"CASSDWGVNQDTQYF",0,0,0,3,0,20,0,0,2,0
"CASSEGGGRQDTQYF",0,0,0,0,0,0,0,0,0,1
"CASSEGLGGSQNTLYF",0,0,0,0,0,0,0,0,0,3
"CASSEGTGGDEQYF",9,0,17,6,9,3,0,0,0,0
"CASSEGTGGNSPLYF",103,0,0,0,0,0,0,0,0,0
"CASSEHNSGNTLYF",82,11,0,28,2392,0,110,0,0,0
"CASSEISNERLFF",0,0,10,0,2,1,0,0,1,2
"CASSELGGGEQYF",0,0,24,0,0,17,0,0,0,0
"CASSEPGTGSAETLYF",0,0,0,0,149,1,0,0,0,0
"CASSETGGANSDYTF",0,0,0,0,405,0,7,0,0,0
"CASSETGGNTGQLYF",6,0,0,220,2,66,8,0,0,3
"CASSETGGSTGQLYF",0,0,1,0,0,0,0,0,0,0
"CASSETSAETLYF",0,0,0,0,0,0,0,1,0,0
"CASSEVNSGNTLYF",0,0,10,0,0,0,0,0,0,0
"CASSEWQDTQYF",0,0,0,0,0,0,24,0,0,0
"CASSFGRADEQYF",0,0,0,0,0,0,0,0,0,2
"CASSFPDNNQAPLF",3,0,0,0,0,0,0,0,4,1
"CASSFTNQNTLYF",6,0,0,0,0,0,0,0,0,0
"CASSFWVSAETLYF",0,0,0,0,2,0,0,0,0,0
"CASSGDISGNTLYF",1,0,0,0,0,0,0,0,0,4
"CASSGDNSGNTLYF",1,4,0,0,0,0,0,2,0,12
"CASSGDWGGNQDTQYF",0,0,0,0,0,0,0,0,0,2
"CASSGHNNQAPLF",0,0,0,4,0,0,0,0,0,0
"CASSGLGGPQDTQYF",0,0,0,0,0,0,0,2,0,0
"CASSGLGGSLYF",0,0,0,0,0,0,0,17,0,0
"CASSGLQDTQYF",56,0,0,0,0,0,0,5,4,28
"CASSGQNNNQAPLF",893,0,0,0,8,0,0,0,0,0
"CASSGTGGGNTLYF",0,0,3,0,0,0,0,0,0,8
"CASSGTGGNSPLYF",2,0,0,0,0,3,0,0,0,0
"CASSGTNNNQAPLF",0,0,243,62,15,397,0,6,0,2
"CASSIEGEVFF",28,0,2,0,0,26,0,0,0,0
"CASSIGDWGGEQYF",18,0,10,0,0,3,0,0,0,0
"CASSIPGGSYEQYF",0,0,0,0,0,1,0,0,0,0
"CASSIQGAETLYF",13,0,43,5,45,0,0,9,0,2
"CASSLAGGNQDTQYF",1,0,0,0,0,0,0,1,0,0
"CASSLDWGAYEQYF",1,0,0,0,0,0,0,2,0,8
"CASSLDWGVQDTQYF",2,0,0,0,0,0,0,0,10,0
"CASSLEGGSYEQYF",1,2,0,0,2,1,0,0,0,9
"CASSLEGNSDYTF",1,5,0,1,0,0,5,1,19,18
"CASSLGGGALEQYF",1,0,0,0,0,0,0,6,4,2
"CASSLGGGSYEQYF",0,0,42,0,0,0,0,0,0,20
"CASSLGLGYNYAEQFF",2,0,0,0,0,0,0,0,0,0
"CASSLGTGGNTGQLYF",0,4,0,0,0,0,0,0,0,1
"CASSLPGGSYEQYF",1,0,0,0,0,0,0,0,0,21
"CASSLPGTGGDEQYF",0,0,0,0,4,0,0,0,0,0
"CASSLQDNNQAPLF",0,0,0,0,0,2,0,0,0,0
"CASSLSSYEQYF",3,0,1,930,9,23,0,9,0,24
"CASSLTGFSAETLYF",0,0,0,16,0,0,0,0,0,0
"CASSLTSGNTLYF",0,5,0,0,0,0,0,0,0,0
"CASSPDWGGDTLYF",1,0,0,0,2,183,0,0,0,0
"CASSPGGRGAETLYF",0,0,2,0,0,0,0,0,0,0
"CASSPSGNTLYF",0,0,0,6,0,0,1,0,1,17
"CASSPSGTGGDEQYF",112,0,0,0,0,0,0,0,0,0
"CASSPTGNQDTQYF",25,2,0,0,2,0,0,2,5,14
"CASSPWGGEQYF",3,0,0,0,0,0,0,0,0,0
"CASSQDYNQAPLF",0,10,0,0,0,0,0,0,0,0
"CASSQGISNERLFF",8,16,0,0,0,0,0,5,0,12
"CASSQGTGGYEQYF",69,2,0,2,0,0,0,0,5,13
"CASSRDTNSDYTF",28,0,0,0,0,160,0,0,0,2
"CASSRDTSPLYF",0,0,0,0,0,0,0,0,2,0
"CASSRDWGAQDTQYF",0,0,0,84,0,0,0,0,0,2
"CASSRDWGNQDTQYF",0,0,14,0,7,70,0,20,19,4
"CASSRLGGREQYF",2,0,0,0,0,0,0,3,0,0
"CASSRQGSDYTF",2,0,1,0,0,1,0,1224,0,3
"CASSRTAETLYF",0,0,0,0,0,0,0,0,5,0
"CASSRTGDTLYF",0,0,0,0,0,0,0,0,0,5
"CASSRTGYEQYF",1,0,0,5,0,0,0,3,11,26
"CASSRTNERLFF",0,0,0,0,0,0,0,0,2,0
"CASSSGTGGNTGQLYF",3,0,0,0,0,0,0,0,0,0
"CASSSGTGRDTQYF",0,0,0,0,0,0,0,0,0,6
"CASSSHNSGNTLYF",14,0,146,26,2,597,0,0,0,0
"CASSSINQDTQYF",0,0,0,377,0,0,0,0,0,3
"CASSSPGQGQDTQYF",0,0,103,2,0,0,9,0,0,0
"CASSSPGQGRDTQYF",1,0,0,0,0,0,0,0,0,0
"CASSSPGTGQVTQYF",0,0,0,2,0,0,0,0,0,0
"CASSSYWGSAETLYF",6,0,0,0,0,0,0,0,0,0
"CASSTPGTGQDTQYF",5,0,0,11984,55,415,0,0,0,0
"CASSVGLGGSQNTLYF",0,0,0,0,3,0,0,0,0,0
"CASSWGANSDYTF",0,0,0,0,0,0,0,7,0,16
"CASSYRGPNERLFF",2,0,0,0,0,0,0,0,0,0
"CAWGDREDTQYF",115,0,0,0,0,0,0,0,0,0
"CAWGGSSYEQYF",0,0,31,0,0,0,0,0,0,0
"CAWGLGQDTQYF",0,0,0,0,0,0,0,2,8,0
"CAWGSSYEQYF",0,0,169,0,0,0,0,0,0,0
"CAWIQGAETLYF",0,0,5,0,0,0,0,0,0,0
"CAWRDWGDTQYF",0,0,16,5,0,0,0,0,0,0
"CAWRDWGYEQYF",28,0,0,0,0,0,0,0,0,10
"CAWRLGGQNTLYF",0,0,0,3,0,0,0,38,0,2
"CAWRPPGLGGQDTQYF",0,0,0,15,0,0,0,0,0,0
"CAWSGLGVYEQYF",0,0,108,0,0,0,0,0,0,0
"CAWSLADSDYTF",0,55,0,7,0,0,0,0,0,0
"CAWSLAGEVFF",0,0,0,0,0,0,238,0,0,0
"CAWSLANERLFF",0,0,0,0,0,0,0,2,0,0
"CAWSLANTEVFF",0,0,3,0,0,0,0,0,0,6
"CAWSLDAEQFF",2,0,0,1,0,3,0,3,0,0
"CAWSLDWGGDEQYF",0,0,4,0,0,4,0,0,0,0
"CAWSLEGNQDTQYF",6,0,0,0,0,0,0,0,0,0
"CAWSLEWGGYEQYF",0,0,0,0,0,0,0,3,0,0
"CAWSLGAETLYF",3,0,0,0,5,6,0,3,0,13
"CAWSLGDWGYEQYF",2,0,15,0,0,0,0,0,0,4
"CAWSLGLGGDTQYF",3,0,0,0,0,0,0,0,0,0
"CAWSLGNTGQLYF",0,0,0,2,0,13,0,5,5,3
"CAWSLGTNERLFF",0,0,0,0,0,0,0,0,0,1
"CAWSLLNERLFF",3,2,0,3,0,0,0,0,0,0
"CAWSLNGNTLYF",0,23,0,0,0,0,0,0,0,0
"CAWSLSAETLYF",0,0,11,0,0,38,0,0,7,13
"CAWSLTGGYAEQFF",0,0,0,0,0,0,0,6,11,2
"CAWSLTGNSDYTF",0,0,2,0,0,0,0,0,30,0
"CAWSLTGYEQYF",0,4,0,1,5,0,0,4,5,0
"CAWSLVDTEVFF",0,0,66,0,0,0,0,0,0,0
"CAWSLVEEVFF",0,0,114,0,0,0,0,0,0,0
"CAWSLVSDYTF",0,0,0,10,2,0,0,0,0,0
"CAWSLWGTEVFF",0,0,0,0,0,0,0,0,0,4
"CAWSPDNSGNTLYF",4,0,0,0,0,0,0,0,3,0
"CAWSPDREEVFF",0,0,0,0,0,91,0,0,0,0
"CAWSPDSNYAEQFF",2,12,0,0,0,0,0,0,0,0
"CAWSPDWGGAETLYF",9,0,0,141,283,0,0,0,0,3
"CAWSPDWGGYAEQFF",6,0,0,0,0,0,0,0,0,4
"CAWSPGTGNTEVFF",13,0,0,4,0,8,2,4,0,15
"CAWSPLDSYNSPLYF",0,0,0,0,0,2,0,0,0,0
"CAWSPSYEQYF",0,0,0,0,0,2,0,0,0,0
"CAWTGGGAETLYF",23,0,0,0,0,0,0,0,0,2
"CGARDWGRNYAEQFF",11,0,0,0,0,0,0,0,0,0
"CGATGGYAEQFF",23,0,0,0,0,5,8,0,0,20
