"","NP396 LCMV40 M1","NP396 LCMV40 M2","NP396 LCMV40 M3","NP396 LCMV8 M1","NP396 LCMV8 M2","NP396 LCMV8 M3","NP396 LCMV8 M4","NP396 PBS M1","NP396 PBS M2","NP396 PBS M3"
"CAGQANTGQLYF",0,0,0,0,0,0,0,0,5,0
"CASGAGNANTEVFF",0,0,0,110,0,1205,0,0,0,0
"CASGAGTGGENTLYF",0,0,0,0,0,0,0,0,2,0
"CASGDAGPSQNTLYF",0,0,0,0,0,0,0,0,8,0
"CASGDALASAETLYF",0,0,0,0,0,5,0,0,0,0
"CASGDALGGYAEQFF",0,0,0,0,0,0,0,0,3,0
"CASGDALGPSQNTLYF",5,0,0,0,0,0,0,0,0,0
"CASGDAWGGETLYF",0,0,0,47,3,0,0,0,0,0
"CASGDAWGNQDTQYF",0,0,0,0,0,0,3,0,0,0
"CASGDAWGSQNTLYF",0,0,0,0,4,0,0,0,0,0
"CASGDDWTYQNTLYF",0,0,0,0,0,0,0,0,2,0
"CASGDGGGANSDYTF",0,0,0,0,0,0,62,0,0,0
"CASGDGLNTEVFF",0,0,0,0,0,3,96,0,0,0
"CASGDGLSNERLFF",0,0,0,756,3,1,0,0,0,0
"CASGDGNANSDYTF",0,0,0,1617,122,167,529,0,0,0
"CASGDPGGQSGNTLYF",0,0,0,0,0,0,0,0,5,0
"CASGDQGRGNTLYF",0,0,0,0,0,0,0,0,8,0
"CASGDRAGASAETLYF",0,0,0,0,1632,0,0,0,0,0
"CASGDRAGGNQDTQYF",0,9,0,0,0,0,0,0,0,0
"CASGDRDRGNYAEQFF",0,23,7,6,4,0,41,0,0,0
"CASGDRDWDNQDTQYF",0,0,3,0,0,0,0,0,0,0
"CASGDRDWESQNTLYF",0,0,0,0,0,588,0,0,0,0
"CASGDRGEDSGNTLYF",0,0,0,8,3,0,0,0,0,0
"CASGDRGTDSGNTLYF",0,0,0,2,0,0,0,0,0,0
"CASGDRQGANYAEQFF",0,0,0,3,0,0,13,0,0,0
"CASGDRQGASAETLYF",5,0,0,0,0,0,0,0,0,0
"CASGDRRDRNYAEQFF",2,0,0,0,0,0,0,0,0,0
"CASGDRSGGNYAEQFF",0,0,0,0,15,0,2,0,0,0
"CASGDRTGGSAETLYF",39,0,5,0,51,1236,20,0,0,0
"CASGDWLSNERLFF",3,0,0,0,0,0,0,0,0,0
"CASGEGGSYEQYF",0,0,0,9,0,0,0,0,0,0
"CASGGDRSGNTLYF",0,0,0,0,0,0,0,0,3,0
"CASGGTGTSGNTLYF",0,0,0,0,0,0,0,0,2,0
"CASGGTNANSDYTF",0,0,0,31,0,0,0,0,0,0
"CASGLGEGEQYF",0,0,0,0,0,0,0,0,7,0
"CASGQGAETLYF",0,0,0,0,0,0,0,0,2,0
"CASGTGGRNSPLYF",0,0,5,0,0,0,0,0,0,0
"CASGVTGTGEDTQYF",0,0,0,0,0,0,0,0,2,0
"CASKTGGDQDTQYF",0,0,0,298,5,1293,0,0,0,0
"CASNRDWGDTQYF",0,0,0,0,0,0,15,0,10,0
"CASRAGGDYAEQFF",0,0,0,0,0,0,0,1,0,0
"CASRDGNANTEVFF",0,0,0,3,0,0,0,0,0,0
"CASRDRDANTEVFF",0,0,0,0,0,0,0,0,6,0
"CASRDRGLGNTLYF",0,4,0,4,0,0,0,0,0,0
"CASRDRHSGNTLYF",0,0,0,0,0,0,192,0,0,0
"CASRGLGNYAEQFF",0,0,0,253,3,76,3,0,0,0
"CASRGTNNQDTQYF",0,0,0,84,0,0,0,0,0,0
"CASRPGHNQDTQYF",0,0,0,0,0,3,0,0,0,0
"CASRPGQNSGNTLYF",0,0,0,0,0,0,0,0,11,0
"CASRQGAISNERLFF",0,0,0,0,0,0,0,1,0,0
"CASRRTGNNQDTQYF",0,0,0,0,0,127,0,0,0,0
"CASRTGGSQNTLYF",0,0,0,0,3,937,0,0,0,0
"CASRTGGYNSPLYF",0,0,0,0,5,0,0,0,0,0
"CASRTGGYQDTQYF",0,0,0,0,14,0,0,0,0,0
"CASRWGNSGNTLYF",3,0,0,0,0,6,442,0,0,0
"CASRWGNSQNTLYF",0,0,2,0,0,299,0,0,0,0
"CASSAGGNYAEQFF",0,0,0,5,0,0,0,0,0,0
"CASSAGGQNTLYF",0,0,0,0,3,4,0,0,0,0
"CASSAGHNYAEQFF",0,0,0,11649,57,0,0,0,0,0
"CASSAGLGDEQYF",7,2,0,0,24,0,0,0,0,0
"CASSAGNYNSPLYF",0,0,11,232,88,0,0,0,0,0
"CASSAGTGNTLYF",0,0,0,2,0,0,0,1,23,0
"CASSANSDYTF",0,0,0,0,0,0,0,0,0,2
"CASSDAAETLYF",0,0,0,0,0,0,7,0,0,0
"CASSDADSSGNTLYF",0,0,2,0,0,0,0,0,0,0
"CASSDAGANERLFF",0,0,0,0,2,0,0,0,0,0
"CASSDAGDSDYTF",0,0,0,0,3,0,0,0,0,0
"CASSDAGGTGQLYF",0,0,0,0,0,0,0,0,15,0
"CASSDAGSDYTF",0,0,0,0,0,0,0,0,12,0
"CASSDAHYNSPLYF",12,0,0,0,0,0,0,0,0,0
"CASSDARQANSDYTF",0,0,0,0,0,0,0,1,0,0
"CASSDASEQYF",4,0,0,1,0,0,1,0,0,0
"CASSDEVEQYF",0,0,0,0,0,0,0,0,3,0
"CASSDGDRASDYTF",0,2,0,0,0,0,0,0,27,0
"CASSDGGANTEVFF",0,0,0,0,7,0,1,0,0,0
"CASSDGGGNSPLYF",0,0,0,11,27,1096,3,0,0,0
"CASSDGNANSDYTF",6,12,0,45,768,5962,371,0,5,0
"CASSDGNANTEVFF",0,0,0,132,1,14,139,0,0,0
"CASSDGNNYAEQFF",0,0,0,0,50,0,0,0,0,0
"CASSDGSYNSPLYF",0,0,0,0,10,482,72,0,0,0
"CASSDGTGHTEVFF",0,0,0,0,495,0,0,0,0,0
"CASSDNSYNSPLYF",0,0,0,0,4,1042,0,0,0,0
"CASSDPGNTEVFF",0,0,0,0,2,47,0,0,3,0
"CASSDQNYAEQFF",0,0,0,0,0,0,0,0,2,0
"CASSDRGQNTLYF",0,0,0,0,0,2,0,0,3,0
"CASSDRGRNYAEQFF",19,0,0,0,1,0,0,0,0,0
"CASSDRGSQNTLYF",12,7,0,76,70,0,0,0,0,0
"CASSDRVEQYF",1,0,5,19,20,3,0,3,0,0
"CASSDSNNQAPLF",0,0,0,0,0,0,0,0,7,0
"CASSDVNNNQAPLF",0,0,0,0,0,0,0,0,6,0
"CASSDWDSQAPLF",0,0,0,0,9,0,123,0,0,0
"CASSDWGANTGQLYF",1,2,0,204,3,0,125,0,0,0
"CASSDWGGGTGQLYF",0,0,0,0,0,13,0,0,0,0
"CASSDWGNYAEQFF",9,0,0,0,13,0,0,3,0,0
"CASSDWGQNTLYF",7,4,0,83,2,8,19,0,0,5
"CASSDWGYAEQFF",0,0,13,0,0,6,0,0,0,5
"CASSEAGANTEVFF",0,0,0,13,0,0,0,0,0,0
"CASSEGGGNSPLYF",0,0,4,831,15,12,219,0,0,0
"CASSEGGWNSPLYF",0,0,0,2,0,0,0,0,0,0
"CASSEGNYNSPLYF",22,0,4,826,456,160,146,0,0,0
"CASSEGSYNSPLYF",0,0,0,0,2,0,18,0,0,0
"CASSENRGQDERLFF",0,0,0,0,0,0,0,0,4,0
"CASSEWGGDTQYF",0,0,0,0,3,0,0,0,0,0
"CASSFGGGGQDTQYF",9,0,0,3,9,0,24,0,0,0
"CASSFGGGYAEQFF",0,0,0,0,0,0,2,0,0,0
"CASSFGGLSNERLFF",0,0,0,0,0,0,2,0,0,0
"CASSFGNANSDYTF",0,0,0,85,57,139,380,0,0,0
"CASSFGNSGNTLYF",0,0,0,5,0,0,448,0,0,0
"CASSFGNYAEQFF",0,0,0,0,0,1137,33,1,6,0
"CASSFPHSGNTLYF",0,7,0,0,0,0,0,0,0,0
"CASSFTGYEQYF",0,0,0,52,0,2,0,0,0,0
"CASSFWGSSYEQYF",0,0,0,97,0,0,0,0,0,0
"CASSGDWGGNYAEQFF",0,10,0,3,0,0,395,0,0,0
"CASSGFNQDTQYF",0,0,0,0,0,8,0,0,0,0
"CASSGGTGGYEQYF",0,0,0,0,0,6,529,0,0,0
"CASSGLGGHQDTQYF",52,7,0,0,0,0,0,0,0,0
"CASSGYEQYF",1,0,0,3,0,0,45,0,1,2
"CASSHRDWGYEQYF",30,3,0,1035,1194,0,172,0,0,3
"CASSHWGQDTQYF",0,0,0,151,0,0,0,0,0,169
"CASSHYAEQFF",0,0,0,0,1347,0,0,0,0,0
"CASSIDGDEQYF",0,0,0,0,0,0,0,0,3,0
"CASSIGGNSGNTLYF",0,0,0,1,0,0,0,0,0,0
"CASSIGGSEQYF",0,0,0,0,5,0,23,0,0,0
"CASSIGGSNQAPLF",0,0,0,0,216,0,0,0,0,0
"CASSIGNSGNTLYF",0,0,0,0,6,0,0,0,0,0
"CASSIGNYNSPLYF",42,9,9,41,139,37,0,0,0,0
"CASSIGQGNQAPLF",0,0,0,42,0,0,0,0,0,0
"CASSIGQNNQAPLF",0,0,0,687,35,0,0,0,0,0
"CASSIGQNSYNSPLYF",0,0,0,0,0,0,5,0,0,0
"CASSIGQSNTEVFF",0,0,0,4,5,19,0,0,0,0
"CASSIGTGRNYAEQFF",0,0,0,14,0,0,0,0,0,0
"CASSIPGQRNTEVFF",0,0,4,0,0,0,0,0,0,0
"CASSIPQGNTEVFF",0,0,0,0,2,0,0,0,0,0
"CASSIQGNYAEQFF",46,0,0,0,75,0,0,0,0,0
"CASSISPATEVFF",0,0,0,0,0,0,0,0,10,0
"CASSISYEQYF",0,0,0,0,6,5,0,0,0,0
"CASSLAGQYNSPLYF",0,0,0,243,2,0,0,0,0,0
"CASSLALNQDTQYF",0,0,0,296,2,0,0,0,4,0
"CASSLARQYEQYF",0,0,0,0,0,0,0,0,7,0
"CASSLASSAETLYF",0,0,0,0,0,0,0,0,7,0
"CASSLAWGVETLYF",0,0,0,0,0,0,0,0,5,0
"CASSLDDTQYF",0,0,0,0,0,0,8,0,0,0
"CASSLDRGRTEVFF",0,0,1,7,0,0,0,0,0,0
"CASSLDWGRNTLYF",0,0,0,0,0,0,0,0,8,0
"CASSLGDWGGYEQYF",0,0,0,22,0,0,0,0,0,0
"CASSLGGFNQDTQYF",0,0,0,1,0,0,0,0,0,0
"CASSLGGGAERLFF",0,0,0,0,0,0,0,0,9,0
"CASSLGGVQNTLYF",0,0,0,0,5,0,0,0,10,0
"CASSLGLLGGSSYEQYF",0,0,0,0,0,0,84,0,0,0
"CASSLGNANSDYTF",0,0,0,0,14,0,0,0,0,0
"CASSLGQNNQAPLF",0,0,0,0,0,4,4,0,0,0
"CASSLGQNNSPLYF",0,0,0,20,0,0,0,0,0,0
"CASSLGTANTEVFF",4,0,0,0,0,0,0,0,2,17
"CASSLGTDYAEQFF",148,2,12,854,33,307,33,1,0,0
"CASSLGWGFSYEQYF",0,0,0,0,0,12,0,0,0,0
"CASSLHTEVFF",0,0,0,24,2,0,0,0,0,0
"CASSLQGARRTEVFF",0,0,0,0,0,0,0,0,5,0
"CASSLQGNYAEQFF",0,0,0,0,2,0,2,0,7,0
"CASSLQGSGNTLYF",0,0,0,0,0,0,0,2,0,5
"CASSLRDNQDTQYF",0,0,0,0,0,0,0,0,0,2
"CASSLRQGGNTLYF",0,0,0,0,0,8,0,0,3,0
"CASSLSAETLYF",0,0,0,0,0,0,13,0,0,0
"CASSLSGFSAETLYF",0,18,1,28,0,0,0,0,0,0
"CASSLSSDTQYF",0,0,0,0,0,0,0,0,20,0
"CASSLTDSGNTLYF",0,0,0,0,0,0,0,0,1,0
"CASSLVGGAPNTQYF",0,0,0,0,0,0,0,0,6,0
"CASSLVGGSGNTLYF",0,0,0,0,0,0,0,0,9,0
"CASSLWGGYAEQFF",5,0,0,5,3,3,1,0,0,15
"CASSLWGLYAEQFF",0,0,0,729,6,0,0,0,0,0
"CASSLWGNYAEQFF",1,0,0,0,44,2116,16,4,0,7
"CASSMGGDEQYF",0,0,0,0,0,0,0,0,15,0
"CASSNWGQDTQYF",0,0,0,0,0,0,0,0,0,2
"CASSPDRANSDYTF",0,0,0,0,0,8,0,0,0,0
"CASSPDRDEQYF",0,0,0,14,0,0,119,0,0,0
"CASSPDSQNTLYF",0,0,0,0,0,51,13,0,0,0
"CASSPDWGAQDTQYF",0,0,0,28,0,0,0,0,0,0
"CASSPDWGGTDTQYF",0,0,0,0,0,1,0,0,4,0
"CASSPDWGYEQYF",31,3,15,218,16,486,10,0,0,0
"CASSPENTEVFF",0,0,0,0,0,11,0,0,0,0
"CASSPGGAHAEQFF",0,6,0,0,0,0,0,0,0,0
"CASSPGGANSDYTF",0,0,0,0,0,27,7,0,0,0
"CASSPGGGQDTQYF",0,7,0,11,34,157,790,0,0,0
"CASSPGGGQNTLYF",48,7,0,234,0,64,0,0,0,0
"CASSPGGNYAEQFF",42,7,0,969,36,0,9,133,4,0
"CASSPGGRQDTQYF",2,0,0,12,75,75,2,0,0,0
"CASSPGGRQNTLYF",0,0,0,32,9,1104,65,0,0,0
"CASSPGGTQDTQYF",0,0,0,0,32,0,0,0,0,0
"CASSPGHSNERLFF",0,0,0,0,38,0,0,0,0,0
"CASSPGISQNTLYF",0,0,0,0,24,0,0,0,0,0
"CASSPGQANTEVFF",0,0,3,0,2,0,3,0,4,0
"CASSPGQGNSDYTF",2,0,0,80,12,12,2,0,4,2
"CASSPGQSNTEVFF",5,0,0,4,34,13,0,0,0,0
"CASSPGQYEQYF",14,0,4,74,21,12,3,0,0,0
"CASSPGTGGREQYF",0,0,0,2,0,8,15,0,0,0
"CASSPGTGQLYF",0,0,0,0,2,2,0,0,0,0
"CASSPGTGTEVFF",0,0,0,11,0,0,0,0,0,0
"CASSPLGQGKDEQYF",0,0,0,0,0,0,0,0,3,0
"CASSPNNERLFF",0,0,0,2,0,0,0,0,0,0
"CASSPPGREQYF",0,0,0,0,13,72,0,0,0,0
"CASSPPGTEVFF",0,0,0,0,0,91,0,0,0,0
"CASSPQGDQDTQYF",0,0,0,0,0,0,0,0,7,0
"CASSPSGQNSNERLFF",0,0,0,2,0,0,0,0,0,0
"CASSPSTGPNERLFF",0,0,0,0,0,1,0,0,0,0
"CASSPWGYQDTQYF",0,0,0,0,0,0,0,0,6,0
"CASSQAWGVNQDTQYF",0,9,0,607,6,0,0,0,0,0
"CASSQDRSQNTLYF",6,0,0,0,0,0,0,0,0,0
"CASSQDWGGNQDTQYF",0,0,0,0,0,0,0,0,1,0
"CASSQEPNTEVFF",0,0,0,0,0,0,0,0,2,0
"CASSQETGTGAYAEQFF",0,0,0,0,0,0,0,0,8,0
"CASSQGNTEVFF",3,0,0,0,0,0,0,5,0,0
"CASSRAQNYAEQFF",0,0,0,188,2,271,31,0,0,0
"CASSRDNYAEQFF",9,6,5,69,575,85,33,0,0,0
"CASSRDPGEQYF",0,3,0,0,0,0,0,0,0,0
"CASSRDREDQDTQYF",0,0,0,0,0,0,0,2,0,0
"CASSRDWGTSAETLYF",24,0,0,5,0,0,0,0,0,0
"CASSRGGDNYAEQFF",0,0,0,505,27,51,0,0,0,0
"CASSRGGDYAEQFF",3,0,0,80,0,0,5,0,0,0
"CASSRGGNYAEQFF",0,0,0,47,52,0,0,1,0,0
"CASSRGYNYAEQFF",0,0,0,0,3,5,0,0,0,0
"CASSRLGNYAEQFF",0,0,0,0,0,0,2,0,0,0
"CASSRPGVNQDTQYF",0,0,0,0,0,5,0,0,0,0
"CASSRTGGNERLFF",0,0,0,24,0,0,0,0,0,0
"CASSRVGNYAEQFF",0,0,0,0,0,24,0,0,0,0
"CASSSGGANSDYTF",0,0,0,1,0,0,0,0,0,0
"CASSSGGNYAEQFF",26,5,0,407,128,295,0,0,0,5
"CASSSGGYQDTQYF",0,0,0,0,2,0,0,0,0,0
"CASSSGLGGRDTQYF",0,0,0,0,0,0,0,0,2,0
"CASSSGNANSDYTF",0,2,0,0,4,0,0,0,0,0
"CASSSGTNSDYTF",0,0,0,2,0,0,0,0,0,0
"CASSSQGSYEQYF",0,0,0,0,0,3,0,0,0,0
"CASSSRDRASAETLYF",0,0,0,0,63,0,0,0,0,0
"CASSSRDRTNYAEQFF",0,6,0,0,0,0,0,0,0,0
"CASSSRDWGNQDTQYF",0,0,0,0,2,0,0,0,0,0
"CASSSSYEQYF",0,0,0,5,254,280,0,2,0,36
"CASSSTAYEQYF",0,0,0,0,0,114,0,0,6,0
"CASSSWGYQDTQYF",0,3,0,0,43,0,0,3,0,0
"CASSSYAEQFF",0,0,0,0,0,2,0,0,16,0
"CASSTDWGVAEQFF",0,0,0,0,0,0,0,0,6,0
"CASSTGGANSDYTF",13,1,0,0,0,3,0,0,0,0
"CASSTGGQDTQYF",0,0,4,17,0,0,0,0,0,0
"CASSTGGSQNTLYF",0,0,0,5,115,2,0,0,0,0
"CASSTGQDTQYF",0,0,0,0,0,684,1,0,7,0
"CASSTGSYNSPLYF",0,0,0,0,2,0,0,0,0,0
"CASSTGTGNYAEQFF",2,0,0,0,0,0,0,0,0,0
"CASSTPGLNQDTQYF",0,0,0,0,675,0,0,0,0,0
"CASSVGNANSDYTF",0,0,0,2,7,4,0,0,0,0
"CASSVGNYNSPLYF",0,0,0,2,8,0,0,0,0,0
"CASSVGQGNTEVFF",8,0,0,10,0,3,0,0,0,0
"CASSVGQYEQYF",0,0,0,0,1033,0,0,0,0,0
"CASSWDNSQNTLYF",5,1,0,399,3,0,0,0,0,0
"CASSWGQNTEVFF",0,2,0,0,0,0,0,0,0,0
"CASSYQGANSDYTF",3,0,0,115,37,13,11,0,0,0
"CASSYRDWGYEQYF",0,0,0,16,0,0,7,0,0,0
"CASSYREGTGQLYF",0,0,0,27,0,0,0,0,0,0
"CASSYWGGQDTQYF",0,0,0,42,0,0,0,0,0,0
"CASTGRDTPNTGQLYF",0,0,0,0,0,0,0,0,6,0
"CASTPGGGQNTLYF",0,0,0,0,0,66,0,0,0,0
"CASTPGGNQDTQYF",0,13,0,257,7,0,0,0,0,0
"CASTPGGSQNTLYF",0,0,0,10,0,9,0,0,0,0
"CASTQGNSGNTLYF",0,0,0,40,2,0,0,0,0,0
"CASTTGGYQDTQYF",0,0,0,0,106,0,0,0,0,0
"CAWDWGGYEQYF",0,0,0,0,0,0,0,0,19,0
"CAWGGVGQDTQYF",0,1,0,0,0,0,0,0,0,0
"CAWGKSSYEQYF",0,2,0,0,0,0,0,0,16,0
"CAWRLRDWENQDTQYF",0,0,0,6,0,0,0,0,0,0
"CAWSLGDISYEQYF",0,0,0,0,0,0,0,0,7,0
"CAWSLGTGGNYAEQFF",0,0,0,0,0,0,0,0,5,0
"CAWSLRDRGNQDTQYF",0,0,0,2,0,3,0,0,0,0
"CAWSLRDWENQDTQYF",0,0,0,81,0,2,0,0,0,0
"CAWSLRDWGSAETLYF",0,0,0,0,564,0,0,0,0,0
"CAWSLTGNQDTQYF",0,0,0,0,0,0,0,0,8,0
"CAWSMGGLSSAETLYF",0,0,0,0,0,0,0,0,12,0
"CAWSPRTGSDTLYF",0,0,0,0,0,0,0,0,17,0
"CAWSPTGEQYF",0,0,0,0,0,0,0,0,8,0
"CAWSRDSNYAEQFF",0,0,0,0,1,0,0,0,0,0
"CAWSRDWGSPSAETLYF",0,0,0,0,0,0,0,0,4,0
"CAWTPGTGTDTQYF",0,0,0,0,0,0,0,0,9,0
"CAWTPTGGVYAEQFF",0,0,0,0,0,0,0,0,9,0
"CGAPRDNANSDYTF",0,0,0,0,5,0,0,0,0,0
"CGARADAEQFF",0,0,0,0,0,0,0,0,4,0
"CGARDNANSDYTF",0,0,0,77,0,0,0,0,0,0
"CGARDQDRGNERLFF",0,0,0,4,0,0,0,0,0,0
"CGARDQDTSNERLFF",0,0,0,4,0,0,0,0,0,0
"CGARDQQFSNERLFF",0,0,0,0,56,5,0,0,0,0
"CGARDRDKSNERLFF",0,0,0,0,3,0,0,0,0,0
"CGARDRDNSNERLFF",22,9,0,30,203,90,77,0,0,0
"CGARDRDNSNSDYTF",0,0,0,5,0,0,425,0,0,0
"CGARDRDNTNSDYTF",0,0,3,4,2,0,0,0,0,0
"CGARDRDNTNTEVFF",0,0,0,0,0,2,0,0,0,0
"CGARDRDTANSDYTF",0,0,0,16,4,0,0,0,0,0
"CGARDRTGSNSDYTF",0,0,0,0,0,38,0,0,0,0
"CGARDRTGSNTEVFF",0,0,6,0,8,15,0,0,0,0
"CGARDRTNANSDYTF",0,5,0,0,5,541,0,0,0,0
"CGARDRTNTNSDYTF",0,0,0,0,0,31,0,0,0,0
"CGARDSGGSYEQYF",0,0,0,0,14,0,0,0,0,0
"CGARELGYEQYF",0,0,0,0,0,0,0,0,2,0
"CGARGPGGQDTQYF",0,0,0,405,8,0,75,0,0,0
"CSAAQDTQYF",0,0,0,0,0,0,0,0,3,4
"CSAAQTEVFF",0,34,0,0,44,0,0,0,0,0
"CSADEANTEVFF",0,0,0,0,0,0,0,0,3,0
"CSADGGDTQYF",0,0,0,5,106,32,5,0,0,0
"CSADRAGGNYAEQFF",12,0,0,0,0,19,0,0,0,0
"CSADRNTLYF",0,0,0,0,3,0,0,0,0,0
"CSADRTGGHYAEQFF",0,0,0,4,0,0,0,0,0,0
"CSADSWGNTLYF",0,0,0,0,0,0,0,0,29,0
"CSAGGGAETLYF",2,2,0,0,0,0,0,0,0,2
"CSAGGRNSPLYF",0,0,0,0,0,0,0,0,7,0
"CSAGSAETLYF",2,0,3,3,0,75,0,0,3,0
"CSAGVTSAETLYF",0,0,0,0,0,0,0,0,3,0
"CSARDRARGGQLYF",0,0,0,0,0,0,0,0,10,0
"CSGTGAQDTQYF",0,0,0,0,0,0,0,0,2,0
"CSPTTSAETLYF",0,0,0,0,0,0,0,0,11,0
"CSSSLGWAETLYF",0,0,0,0,0,0,0,0,3,0
"CSSSQTGDERLFF",0,0,0,0,0,0,0,0,10,0
